{"sum": 3621913, "avr": 212.26706909687627, "sumMD": 23011, "avrMD": 203.63716814159292, "sumSD": 25145, "avrSD": 25145.0, "max": 389.0, "min": 36.0}