{
    "Гуляш": {
        "avg_price": 4981.833333333333,
        "max_price": 6324,
        "min_price": 3009
    },
    "Рагу": {
        "avg_price": 4536.8,
        "max_price": 7578,
        "min_price": 498
    },
    "Гауда": {
        "avg_price": 3731.4444444444443,
        "max_price": 8550,
        "min_price": 934
    },
    "Половники": {
        "avg_price": 5070.722222222223,
        "max_price": 8829,
        "min_price": 830
    },
    "Грудинка": {
        "avg_price": 5351.526315789473,
        "max_price": 9967,
        "min_price": 332
    },
    "Мешки для мусора": {
        "avg_price": 5055.9473684210525,
        "max_price": 9525,
        "min_price": 201
    },
    "Чеснок": {
        "avg_price": 5903.380952380952,
        "max_price": 9609,
        "min_price": 819
    },
    "Йогурт": {
        "avg_price": 3819.6666666666665,
        "max_price": 8812,
        "min_price": 597
    },
    "Цветная капуста": {
        "avg_price": 4029.285714285714,
        "max_price": 9873,
        "min_price": 101
    },
    "Плавленые сырки": {
        "avg_price": 5277.217391304348,
        "max_price": 9589,
        "min_price": 125
    },
    "Сервелат": {
        "avg_price": 5142.7,
        "max_price": 9605,
        "min_price": 2181
    },
    "Петрушка корневая": {
        "avg_price": 5681.538461538462,
        "max_price": 9568,
        "min_price": 906
    },
    "Ласси": {
        "avg_price": 4318.272727272727,
        "max_price": 8679,
        "min_price": 574
    },
    "Тэфф": {
        "avg_price": 3692.8125,
        "max_price": 8782,
        "min_price": 248
    },
    "Верблюжье молоко": {
        "avg_price": 5894.214285714285,
        "max_price": 9622,
        "min_price": 180
    },
    "Кролик": {
        "avg_price": 5889.071428571428,
        "max_price": 9414,
        "min_price": 261
    },
    "Горох": {
        "avg_price": 5814.176470588235,
        "max_price": 9999,
        "min_price": 604
    },
    "Кофе молотый": {
        "avg_price": 5643.5,
        "max_price": 9986,
        "min_price": 1126
    },
    "Айва": {
        "avg_price": 4616.5,
        "max_price": 9714,
        "min_price": 771
    },
    "Российский сыр": {
        "avg_price": 5436.951219512195,
        "max_price": 9912,
        "min_price": 143
    },
    "Мед": {
        "avg_price": 4471.333333333333,
        "max_price": 9637,
        "min_price": 1108
    },
    "Кабанятина": {
        "avg_price": 4956.294117647059,
        "max_price": 9787,
        "min_price": 553
    },
    "Свекла": {
        "avg_price": 4910.444444444444,
        "max_price": 9479,
        "min_price": 642
    },
    "Пармезан": {
        "avg_price": 4595.931034482759,
        "max_price": 9706,
        "min_price": 161
    },
    "Рамбутан": {
        "avg_price": 4885.6,
        "max_price": 8473,
        "min_price": 2235
    },
    "Карамбола": {
        "avg_price": 4703.7,
        "max_price": 7301,
        "min_price": 996
    },
    "Дыня": {
        "avg_price": 5811.066666666667,
        "max_price": 8722,
        "min_price": 2496
    },
    "Солонина": {
        "avg_price": 4999.444444444444,
        "max_price": 9611,
        "min_price": 301
    },
    "Доски разделочные": {
        "avg_price": 5919.210526315789,
        "max_price": 9661,
        "min_price": 1141
    },
    "Морс клюквенный": {
        "avg_price": 4694.333333333333,
        "max_price": 9544,
        "min_price": 350
    },
    "Турнепс": {
        "avg_price": 4012.714285714286,
        "max_price": 9236,
        "min_price": 319
    },
    "Шашлык": {
        "avg_price": 4436.941176470588,
        "max_price": 9992,
        "min_price": 130
    },
    "Пакеты для охоты": {
        "avg_price": 5279.666666666667,
        "max_price": 8744,
        "min_price": 774
    },
    "Клубника": {
        "avg_price": 5336.333333333333,
        "max_price": 9540,
        "min_price": 815
    },
    "Котлеты": {
        "avg_price": 5934.866666666667,
        "max_price": 8797,
        "min_price": 136
    },
    "Морс брусничный": {
        "avg_price": 4748.058823529412,
        "max_price": 9963,
        "min_price": 111
    },
    "Простокваша": {
        "avg_price": 5496.461538461538,
        "max_price": 8288,
        "min_price": 117
    },
    "Пастрома": {
        "avg_price": 5953.9473684210525,
        "max_price": 9521,
        "min_price": 948
    },
    "Томаты в собственном соку": {
        "avg_price": 6423.368421052632,
        "max_price": 9817,
        "min_price": 1570
    },
    "Кольраби": {
        "avg_price": 4273.764705882353,
        "max_price": 9619,
        "min_price": 388
    },
    "Золотое молоко": {
        "avg_price": 5583.411764705882,
        "max_price": 9565,
        "min_price": 1315
    },
    "Абрикос": {
        "avg_price": 5103.428571428572,
        "max_price": 8885,
        "min_price": 1377
    },
    "Пакеты для Дня отца": {
        "avg_price": 6217.545454545455,
        "max_price": 9215,
        "min_price": 2358
    },
    "Сметана": {
        "avg_price": 5585.294117647059,
        "max_price": 9978,
        "min_price": 339
    },
    "Карачинская": {
        "avg_price": 2967.076923076923,
        "max_price": 8552,
        "min_price": 171
    },
    "Полотенца кухонные": {
        "avg_price": 4170.466666666666,
        "max_price": 7434,
        "min_price": 345
    },
    "Козлятина": {
        "avg_price": 5518.888888888889,
        "max_price": 9685,
        "min_price": 340
    },
    "Чечевица": {
        "avg_price": 4496.6,
        "max_price": 9195,
        "min_price": 437
    },
    "Симферопольская": {
        "avg_price": 3932.35,
        "max_price": 9201,
        "min_price": 161
    },
    "Роллы с мясом": {
        "avg_price": 5440.666666666667,
        "max_price": 9983,
        "min_price": 768
    },
    "Белый перец молотый": {
        "avg_price": 5173.333333333333,
        "max_price": 8304,
        "min_price": 663
    },
    "Масло сливочное": {
        "avg_price": 5877.0,
        "max_price": 9329,
        "min_price": 795
    },
    "Пакеты для Нового года": {
        "avg_price": 4230.0,
        "max_price": 5943,
        "min_price": 2570
    },
    "Творог": {
        "avg_price": 5574.366666666667,
        "max_price": 9904,
        "min_price": 131
    },
    "Горчица зерновая": {
        "avg_price": 5840.2,
        "max_price": 9854,
        "min_price": 1010
    },
    "Засоленное мясо": {
        "avg_price": 5193.0,
        "max_price": 9980,
        "min_price": 1109
    },
    "Смородина": {
        "avg_price": 6762.666666666667,
        "max_price": 9282,
        "min_price": 1913
    },
    "Пакеты для тренинга": {
        "avg_price": 5517.857142857143,
        "max_price": 8553,
        "min_price": 2896
    },
    "Сочи": {
        "avg_price": 6013.315789473684,
        "max_price": 9976,
        "min_price": 414
    },
    "Пельмени": {
        "avg_price": 4114.2,
        "max_price": 8791,
        "min_price": 244
    },
    "Смузи шпинатно-банановый": {
        "avg_price": 4921.55,
        "max_price": 9490,
        "min_price": 555
    },
    "Фольга алюминиевая": {
        "avg_price": 6594.071428571428,
        "max_price": 9523,
        "min_price": 1304
    },
    "Кумыс": {
        "avg_price": 4458.315789473684,
        "max_price": 9546,
        "min_price": 590
    },
    "Варенец": {
        "avg_price": 5212.323529411765,
        "max_price": 9836,
        "min_price": 222
    },
    "Каша из дробленой ячменя": {
        "avg_price": 6721.2,
        "max_price": 9463,
        "min_price": 2536
    },